<?xml version="1.0" encoding="UTF-8"?>
<zabbix_export>
    <version>3.0</version>
    <date>2016-07-07T13:39:27Z</date>
    <groups>
        <group>
            <name>Server</name>
        </group>
    </groups>
    <templates>
        <template>
            <template>TCP Status</template>
            <name>TCP Status</name>
            <description>tcp11种状态</description>
            <groups>
                <group>
                    <name>Server</name>
                </group>
            </groups>
            <applications>
                <application>
                    <name>TCP Stauts</name>
                </application>
            </applications>
            <items>
                <item>
                    <name>TCP Status CLOSE_WAIT</name>
                    <type>0</type>
                    <snmp_community/>
                    <multiplier>0</multiplier>
                    <snmp_oid/>
                    <key>tcp_status[CLOSE-WAIT]</key>
                    <delay>30</delay>
                    <history>90</history>
                    <trends>365</trends>
                    <status>0</status>
                    <value_type>3</value_type>
                    <allowed_hosts/>
                    <units/>
                    <delta>0</delta>
                    <snmpv3_contextname/>
                    <snmpv3_securityname/>
                    <snmpv3_securitylevel>0</snmpv3_securitylevel>
                    <snmpv3_authprotocol>0</snmpv3_authprotocol>
                    <snmpv3_authpassphrase/>
                    <snmpv3_privprotocol>0</snmpv3_privprotocol>
                    <snmpv3_privpassphrase/>
                    <formula>1</formula>
                    <delay_flex/>
                    <params/>
                    <ipmi_sensor/>
                    <data_type>0</data_type>
                    <authtype>0</authtype>
                    <username/>
                    <password/>
                    <publickey/>
                    <privatekey/>
                    <port/>
                    <description/>
                    <inventory_link>0</inventory_link>
                    <applications>
                        <application>
                            <name>TCP Stauts</name>
                        </application>
                    </applications>
                    <valuemap/>
                    <logtimefmt/>
                </item>
                <item>
                    <name>TCP Status CLOSED</name>
                    <type>0</type>
                    <snmp_community/>
                    <multiplier>0</multiplier>
                    <snmp_oid/>
                    <key>tcp_status[CLOSED]</key>
                    <delay>30</delay>
                    <history>90</history>
                    <trends>365</trends>
                    <status>0</status>
                    <value_type>3</value_type>
                    <allowed_hosts/>
                    <units/>
                    <delta>0</delta>
                    <snmpv3_contextname/>
                    <snmpv3_securityname/>
                    <snmpv3_securitylevel>0</snmpv3_securitylevel>
                    <snmpv3_authprotocol>0</snmpv3_authprotocol>
                    <snmpv3_authpassphrase/>
                    <snmpv3_privprotocol>0</snmpv3_privprotocol>
                    <snmpv3_privpassphrase/>
                    <formula>1</formula>
                    <delay_flex/>
                    <params/>
                    <ipmi_sensor/>
                    <data_type>0</data_type>
                    <authtype>0</authtype>
                    <username/>
                    <password/>
                    <publickey/>
                    <privatekey/>
                    <port/>
                    <description/>
                    <inventory_link>0</inventory_link>
                    <applications>
                        <application>
                            <name>TCP Stauts</name>
                        </application>
                    </applications>
                    <valuemap/>
                    <logtimefmt/>
                </item>
                <item>
                    <name>TCP Status CLOSING</name>
                    <type>0</type>
                    <snmp_community/>
                    <multiplier>0</multiplier>
                    <snmp_oid/>
                    <key>tcp_status[CLOSING]</key>
                    <delay>30</delay>
                    <history>90</history>
                    <trends>365</trends>
                    <status>0</status>
                    <value_type>3</value_type>
                    <allowed_hosts/>
                    <units/>
                    <delta>0</delta>
                    <snmpv3_contextname/>
                    <snmpv3_securityname/>
                    <snmpv3_securitylevel>0</snmpv3_securitylevel>
                    <snmpv3_authprotocol>0</snmpv3_authprotocol>
                    <snmpv3_authpassphrase/>
                    <snmpv3_privprotocol>0</snmpv3_privprotocol>
                    <snmpv3_privpassphrase/>
                    <formula>1</formula>
                    <delay_flex/>
                    <params/>
                    <ipmi_sensor/>
                    <data_type>0</data_type>
                    <authtype>0</authtype>
                    <username/>
                    <password/>
                    <publickey/>
                    <privatekey/>
                    <port/>
                    <description/>
                    <inventory_link>0</inventory_link>
                    <applications>
                        <application>
                            <name>TCP Stauts</name>
                        </application>
                    </applications>
                    <valuemap/>
                    <logtimefmt/>
                </item>
                <item>
                    <name>TCP Status ESTABLISHED</name>
                    <type>0</type>
                    <snmp_community/>
                    <multiplier>0</multiplier>
                    <snmp_oid/>
                    <key>tcp_status[ESTAB]</key>
                    <delay>30</delay>
                    <history>90</history>
                    <trends>365</trends>
                    <status>0</status>
                    <value_type>3</value_type>
                    <allowed_hosts/>
                    <units/>
                    <delta>0</delta>
                    <snmpv3_contextname/>
                    <snmpv3_securityname/>
                    <snmpv3_securitylevel>0</snmpv3_securitylevel>
                    <snmpv3_authprotocol>0</snmpv3_authprotocol>
                    <snmpv3_authpassphrase/>
                    <snmpv3_privprotocol>0</snmpv3_privprotocol>
                    <snmpv3_privpassphrase/>
                    <formula>1</formula>
                    <delay_flex/>
                    <params/>
                    <ipmi_sensor/>
                    <data_type>0</data_type>
                    <authtype>0</authtype>
                    <username/>
                    <password/>
                    <publickey/>
                    <privatekey/>
                    <port/>
                    <description/>
                    <inventory_link>0</inventory_link>
                    <applications>
                        <application>
                            <name>TCP Stauts</name>
                        </application>
                    </applications>
                    <valuemap/>
                    <logtimefmt/>
                </item>
                <item>
                    <name>TCP Status FIN-WAIT-1</name>
                    <type>0</type>
                    <snmp_community/>
                    <multiplier>0</multiplier>
                    <snmp_oid/>
                    <key>tcp_status[FIN-WAIT-1]</key>
                    <delay>30</delay>
                    <history>90</history>
                    <trends>365</trends>
                    <status>0</status>
                    <value_type>3</value_type>
                    <allowed_hosts/>
                    <units/>
                    <delta>0</delta>
                    <snmpv3_contextname/>
                    <snmpv3_securityname/>
                    <snmpv3_securitylevel>0</snmpv3_securitylevel>
                    <snmpv3_authprotocol>0</snmpv3_authprotocol>
                    <snmpv3_authpassphrase/>
                    <snmpv3_privprotocol>0</snmpv3_privprotocol>
                    <snmpv3_privpassphrase/>
                    <formula>1</formula>
                    <delay_flex/>
                    <params/>
                    <ipmi_sensor/>
                    <data_type>0</data_type>
                    <authtype>0</authtype>
                    <username/>
                    <password/>
                    <publickey/>
                    <privatekey/>
                    <port/>
                    <description/>
                    <inventory_link>0</inventory_link>
                    <applications>
                        <application>
                            <name>TCP Stauts</name>
                        </application>
                    </applications>
                    <valuemap/>
                    <logtimefmt/>
                </item>
                <item>
                    <name>TCP Status FIN_WAIT2</name>
                    <type>0</type>
                    <snmp_community/>
                    <multiplier>0</multiplier>
                    <snmp_oid/>
                    <key>tcp_status[FIN_WAIT2]</key>
                    <delay>30</delay>
                    <history>90</history>
                    <trends>365</trends>
                    <status>0</status>
                    <value_type>3</value_type>
                    <allowed_hosts/>
                    <units/>
                    <delta>0</delta>
                    <snmpv3_contextname/>
                    <snmpv3_securityname/>
                    <snmpv3_securitylevel>0</snmpv3_securitylevel>
                    <snmpv3_authprotocol>0</snmpv3_authprotocol>
                    <snmpv3_authpassphrase/>
                    <snmpv3_privprotocol>0</snmpv3_privprotocol>
                    <snmpv3_privpassphrase/>
                    <formula>1</formula>
                    <delay_flex/>
                    <params/>
                    <ipmi_sensor/>
                    <data_type>0</data_type>
                    <authtype>0</authtype>
                    <username/>
                    <password/>
                    <publickey/>
                    <privatekey/>
                    <port/>
                    <description/>
                    <inventory_link>0</inventory_link>
                    <applications>
                        <application>
                            <name>TCP Stauts</name>
                        </application>
                    </applications>
                    <valuemap/>
                    <logtimefmt/>
                </item>
                <item>
                    <name>TCP Status LAST_ACK</name>
                    <type>0</type>
                    <snmp_community/>
                    <multiplier>0</multiplier>
                    <snmp_oid/>
                    <key>tcp_status[LAST_ACK]</key>
                    <delay>30</delay>
                    <history>90</history>
                    <trends>365</trends>
                    <status>0</status>
                    <value_type>3</value_type>
                    <allowed_hosts/>
                    <units/>
                    <delta>0</delta>
                    <snmpv3_contextname/>
                    <snmpv3_securityname/>
                    <snmpv3_securitylevel>0</snmpv3_securitylevel>
                    <snmpv3_authprotocol>0</snmpv3_authprotocol>
                    <snmpv3_authpassphrase/>
                    <snmpv3_privprotocol>0</snmpv3_privprotocol>
                    <snmpv3_privpassphrase/>
                    <formula>1</formula>
                    <delay_flex/>
                    <params/>
                    <ipmi_sensor/>
                    <data_type>0</data_type>
                    <authtype>0</authtype>
                    <username/>
                    <password/>
                    <publickey/>
                    <privatekey/>
                    <port/>
                    <description/>
                    <inventory_link>0</inventory_link>
                    <applications>
                        <application>
                            <name>TCP Stauts</name>
                        </application>
                    </applications>
                    <valuemap/>
                    <logtimefmt/>
                </item>
                <item>
                    <name>TCP Status LISTEN</name>
                    <type>0</type>
                    <snmp_community/>
                    <multiplier>0</multiplier>
                    <snmp_oid/>
                    <key>tcp_status[LISTEN]</key>
                    <delay>30</delay>
                    <history>90</history>
                    <trends>365</trends>
                    <status>0</status>
                    <value_type>3</value_type>
                    <allowed_hosts/>
                    <units/>
                    <delta>0</delta>
                    <snmpv3_contextname/>
                    <snmpv3_securityname/>
                    <snmpv3_securitylevel>0</snmpv3_securitylevel>
                    <snmpv3_authprotocol>0</snmpv3_authprotocol>
                    <snmpv3_authpassphrase/>
                    <snmpv3_privprotocol>0</snmpv3_privprotocol>
                    <snmpv3_privpassphrase/>
                    <formula>1</formula>
                    <delay_flex/>
                    <params/>
                    <ipmi_sensor/>
                    <data_type>0</data_type>
                    <authtype>0</authtype>
                    <username/>
                    <password/>
                    <publickey/>
                    <privatekey/>
                    <port/>
                    <description/>
                    <inventory_link>0</inventory_link>
                    <applications>
                        <application>
                            <name>TCP Stauts</name>
                        </application>
                    </applications>
                    <valuemap/>
                    <logtimefmt/>
                </item>
                <item>
                    <name>TCP Status SYN-RECV</name>
                    <type>0</type>
                    <snmp_community/>
                    <multiplier>0</multiplier>
                    <snmp_oid/>
                    <key>tcp_status[SYN-RECV]</key>
                    <delay>30</delay>
                    <history>90</history>
                    <trends>365</trends>
                    <status>0</status>
                    <value_type>3</value_type>
                    <allowed_hosts/>
                    <units/>
                    <delta>0</delta>
                    <snmpv3_contextname/>
                    <snmpv3_securityname/>
                    <snmpv3_securitylevel>0</snmpv3_securitylevel>
                    <snmpv3_authprotocol>0</snmpv3_authprotocol>
                    <snmpv3_authpassphrase/>
                    <snmpv3_privprotocol>0</snmpv3_privprotocol>
                    <snmpv3_privpassphrase/>
                    <formula>1</formula>
                    <delay_flex/>
                    <params/>
                    <ipmi_sensor/>
                    <data_type>0</data_type>
                    <authtype>0</authtype>
                    <username/>
                    <password/>
                    <publickey/>
                    <privatekey/>
                    <port/>
                    <description/>
                    <inventory_link>0</inventory_link>
                    <applications>
                        <application>
                            <name>TCP Stauts</name>
                        </application>
                    </applications>
                    <valuemap/>
                    <logtimefmt/>
                </item>
                <item>
                    <name>TCP Status SYN_SENT</name>
                    <type>0</type>
                    <snmp_community/>
                    <multiplier>0</multiplier>
                    <snmp_oid/>
                    <key>tcp_status[SYN_SENT]</key>
                    <delay>30</delay>
                    <history>90</history>
                    <trends>365</trends>
                    <status>0</status>
                    <value_type>3</value_type>
                    <allowed_hosts/>
                    <units/>
                    <delta>0</delta>
                    <snmpv3_contextname/>
                    <snmpv3_securityname/>
                    <snmpv3_securitylevel>0</snmpv3_securitylevel>
                    <snmpv3_authprotocol>0</snmpv3_authprotocol>
                    <snmpv3_authpassphrase/>
                    <snmpv3_privprotocol>0</snmpv3_privprotocol>
                    <snmpv3_privpassphrase/>
                    <formula>1</formula>
                    <delay_flex/>
                    <params/>
                    <ipmi_sensor/>
                    <data_type>0</data_type>
                    <authtype>0</authtype>
                    <username/>
                    <password/>
                    <publickey/>
                    <privatekey/>
                    <port/>
                    <description/>
                    <inventory_link>0</inventory_link>
                    <applications>
                        <application>
                            <name>TCP Stauts</name>
                        </application>
                    </applications>
                    <valuemap/>
                    <logtimefmt/>
                </item>
                <item>
                    <name>TCP Status TIME-WAIT</name>
                    <type>0</type>
                    <snmp_community/>
                    <multiplier>0</multiplier>
                    <snmp_oid/>
                    <key>tcp_status[TIME-WAIT]</key>
                    <delay>30</delay>
                    <history>90</history>
                    <trends>365</trends>
                    <status>0</status>
                    <value_type>3</value_type>
                    <allowed_hosts/>
                    <units/>
                    <delta>0</delta>
                    <snmpv3_contextname/>
                    <snmpv3_securityname/>
                    <snmpv3_securitylevel>0</snmpv3_securitylevel>
                    <snmpv3_authprotocol>0</snmpv3_authprotocol>
                    <snmpv3_authpassphrase/>
                    <snmpv3_privprotocol>0</snmpv3_privprotocol>
                    <snmpv3_privpassphrase/>
                    <formula>1</formula>
                    <delay_flex/>
                    <params/>
                    <ipmi_sensor/>
                    <data_type>0</data_type>
                    <authtype>0</authtype>
                    <username/>
                    <password/>
                    <publickey/>
                    <privatekey/>
                    <port/>
                    <description/>
                    <inventory_link>0</inventory_link>
                    <applications>
                        <application>
                            <name>TCP Stauts</name>
                        </application>
                    </applications>
                    <valuemap/>
                    <logtimefmt/>
                </item>
            </items>
            <discovery_rules/>
            <macros/>
            <templates/>
            <screens/>
        </template>
    </templates>
    <graphs>
        <graph>
            <name>TCP Status</name>
            <width>900</width>
            <height>200</height>
            <yaxismin>0.0000</yaxismin>
            <yaxismax>100.0000</yaxismax>
            <show_work_period>1</show_work_period>
            <show_triggers>1</show_triggers>
            <type>0</type>
            <show_legend>1</show_legend>
            <show_3d>0</show_3d>
            <percent_left>0.0000</percent_left>
            <percent_right>0.0000</percent_right>
            <ymin_type_1>0</ymin_type_1>
            <ymax_type_1>0</ymax_type_1>
            <ymin_item_1>0</ymin_item_1>
            <ymax_item_1>0</ymax_item_1>
            <graph_items>
                <graph_item>
                    <sortorder>0</sortorder>
                    <drawtype>0</drawtype>
                    <color>5A2B57</color>
                    <yaxisside>0</yaxisside>
                    <calc_fnc>2</calc_fnc>
                    <type>0</type>
                    <item>
                        <host>TCP Status</host>
                        <key>tcp_status[ESTAB]</key>
                    </item>
                </graph_item>
                <graph_item>
                    <sortorder>1</sortorder>
                    <drawtype>0</drawtype>
                    <color>89ABF8</color>
                    <yaxisside>0</yaxisside>
                    <calc_fnc>2</calc_fnc>
                    <type>0</type>
                    <item>
                        <host>TCP Status</host>
                        <key>tcp_status[TIME-WAIT]</key>
                    </item>
                </graph_item>
                <graph_item>
                    <sortorder>2</sortorder>
                    <drawtype>0</drawtype>
                    <color>7EC25C</color>
                    <yaxisside>0</yaxisside>
                    <calc_fnc>2</calc_fnc>
                    <type>0</type>
                    <item>
                        <host>TCP Status</host>
                        <key>tcp_status[LISTEN]</key>
                    </item>
                </graph_item>
                <graph_item>
                    <sortorder>3</sortorder>
                    <drawtype>0</drawtype>
                    <color>274482</color>
                    <yaxisside>0</yaxisside>
                    <calc_fnc>2</calc_fnc>
                    <type>0</type>
                    <item>
                        <host>TCP Status</host>
                        <key>tcp_status[CLOSED]</key>
                    </item>
                </graph_item>
                <graph_item>
                    <sortorder>4</sortorder>
                    <drawtype>0</drawtype>
                    <color>2B5429</color>
                    <yaxisside>0</yaxisside>
                    <calc_fnc>2</calc_fnc>
                    <type>0</type>
                    <item>
                        <host>TCP Status</host>
                        <key>tcp_status[CLOSE-WAIT]</key>
                    </item>
                </graph_item>
                <graph_item>
                    <sortorder>5</sortorder>
                    <drawtype>0</drawtype>
                    <color>8048B4</color>
                    <yaxisside>0</yaxisside>
                    <calc_fnc>2</calc_fnc>
                    <type>0</type>
                    <item>
                        <host>TCP Status</host>
                        <key>tcp_status[CLOSING]</key>
                    </item>
                </graph_item>
                <graph_item>
                    <sortorder>6</sortorder>
                    <drawtype>0</drawtype>
                    <color>790E1F</color>
                    <yaxisside>0</yaxisside>
                    <calc_fnc>2</calc_fnc>
                    <type>0</type>
                    <item>
                        <host>TCP Status</host>
                        <key>tcp_status[FIN-WAIT-1]</key>
                    </item>
                </graph_item>
                <graph_item>
                    <sortorder>7</sortorder>
                    <drawtype>0</drawtype>
                    <color>87AC4D</color>
                    <yaxisside>0</yaxisside>
                    <calc_fnc>2</calc_fnc>
                    <type>0</type>
                    <item>
                        <host>TCP Status</host>
                        <key>tcp_status[FIN_WAIT2]</key>
                    </item>
                </graph_item>
                <graph_item>
                    <sortorder>8</sortorder>
                    <drawtype>0</drawtype>
                    <color>E89DF4</color>
                    <yaxisside>0</yaxisside>
                    <calc_fnc>2</calc_fnc>
                    <type>0</type>
                    <item>
                        <host>TCP Status</host>
                        <key>tcp_status[LAST_ACK]</key>
                    </item>
                </graph_item>
                <graph_item>
                    <sortorder>9</sortorder>
                    <drawtype>0</drawtype>
                    <color>F63100</color>
                    <yaxisside>0</yaxisside>
                    <calc_fnc>2</calc_fnc>
                    <type>0</type>
                    <item>
                        <host>TCP Status</host>
                        <key>tcp_status[SYN-RECV]</key>
                    </item>
                </graph_item>
                <graph_item>
                    <sortorder>10</sortorder>
                    <drawtype>0</drawtype>
                    <color>2774A4</color>
                    <yaxisside>0</yaxisside>
                    <calc_fnc>2</calc_fnc>
                    <type>0</type>
                    <item>
                        <host>TCP Status</host>
                        <key>tcp_status[SYN_SENT]</key>
                    </item>
                </graph_item>
            </graph_items>
        </graph>
    </graphs>
</zabbix_export>
